Seller,Case,Length,Width,Height
LZmod,DC-M1,180,190,55.28
ASRock,DeskMini A300,155,80,155
ASRock,DeskMini B660,155,80,155
ASRock,DeskMini B860,155,80,155
ASRock,DeskMini H470,155,80,155
ASRock,DeskMini X300,155,80,155
ASRock,DeskMini X600/USB4,155,80,155
Custom_Mod,SL1 stl 2.1L rev.1,187,190,60
LLW's Workshop,V21 Pro,181,60,198
Custom_Mod,SL1 stl 2.1L rev.3,190,190,60
SGPC,K17,179,48,258
LZmod,STX-X300-X1,157,157,91
OnLogic,MC500,198.1,192.6,59.3
Sirius Case / 天狼星机箱,T40,186,208,61
Realan,E-H60,200,200,60
Mini-Box,M350,210,192,62
电竞艾派官方店,S1,200,60,210
RGeek,G60,200,60,210
长沙精五门电脑,联达L65,197,197,65
RGeek,L65,197,197,65
Mini-Box,M200,240,200,54
LZmod,DC-V2,200,190,71
Custom_Mod,SLM1m HDPlex edition,193,67,210
Chieftec,IX-01B,220,197,63
Chieftec,IX-03B,220,197,63
Silverstone,ML10 (standard),227,196,63
ZS Cases,ZS-D1,188,81,191
LLW's Workshop,V26 Pro,186,78,201
SKTC,A11,211,52,269
Streacom,F1C Evo,197,197,77
J-HACK,Pure Mk1,193,225,69
LZmod,DC-RLY,261,197,58.28
Dream Case,D6,190,61,260
长沙精五门电脑,联达L80,197,197,80
RGeek,L80,197,197,80
Realan,E-I3S,236,200,66
J-HACK,Pure Mk2,190,250.5,66
Realan,E-H80,200,200,80
Custom_Mod,SL2 stl 3.3L rev.3,185,265,67
NFC,Skyreach 4 TINY,239,69,200
Custom_Mod,SL2 stl 3.4L rev.3,185,273,67
NFC,Skyreach 4 TINY R6,237.4,70.7,202.2
Goodisory,A01,200,200,85
SKTC,A01,200,200,85
LLW's Workshop,V32 Pro,188,87,209
Metalfish,Metal Gear Plus,210,200,85
n3rdware,Yocto,210,250,68
机械核芯,Slim-PRO,186,61,315
SGPC,K30 (V1),205,68,258
Custom_Mod,MINI 3.6L rev.7,183,107,186
XTIA,XSlim-Mini (S),188,66,295
Custom_Mod,SL2 stl 3.7L rev.4,183,88,228
GEEEK,A1,206,87,208
Silverstone,ML10 (elevated),227,196,84
Mini-Box,M300,240,200,78
J-HACK,Stratos Pure,197.5,261.5,72.5
GEEEK,A1 V2,213,85,208
LLW's Workshop,V36 Pro,188,88,229
SKTC,A09,187,89,228
Custom_Mod,M2 lm 3.8L,187,108,188
Custom_Mod,SL2 lm 3.8L,191,221,90
Realan,E-I5S,236,200,81
Custom_Mod,MINI 3.8L rev.8,185,110,189
大C机箱定制,A387,180,100,215
Geeklab,Nano3S,176,100,220
SGPC,K20,198,48,408
Dream Case,D19H (V2),190,113,182
XWORKS,X32,175,110,205
Velkase,Velka 3 V2.0,189,96,218
LLW's Workshop,V40,194,90,227
LLW's Workshop,V40 Mesh,194,90,227
Captain S.,V7-DC,210,92,206
Velkase,Velka 3 V3.0,184,99,219
n3rdware,Yocto+,210,250,76
REVOCCASES,RCC-SMALL1,225,70,254
SeaDamaged,SE Mini4,181,102,217
Velkase,Velka 3 V1.2,185,97,225
Overtek,Densium APU,197,91,226
Custom_Mod,SLM1 4L,192,65,325
LZmod,LZ-A4 A24-V3,194,88,239
Densium,Densium 4,190,98,220
ZS Cases,ZS-D2 (A Config),187,97,230
ZS Cases,ZS-D2 (B Config),187,97,230
ZS Cases,ZS-D2 (C Config),187,97,230
ZS Cases,ZS-D2 (D Config),187,97,230
SKTC,A09P,206,89,228
SGPC,K29,225,75,248
OnLogic,MC600,198,334,64
TBOX,M41,184,105,220
柏越科技,M24 (Aluminium),185,104,221
柏越科技,M24 V2.0 (Aluminium),185,104,221
SKTC,A07D,184,104,223
SKTC,A07,184,104,223
J-HACK,Pure X,191,258,87
机械库,JXK-L1,185,75,310
ZS Cases,ZS-A4DC V3,198,114,191
魔神科技电脑机箱城,D600 Mini,200,90,240
Captain S.,V8,188,98,235
Kyle's Studio,Nano S1,182,101,236
Velkase,Velka 3-RL,198,91,241
SGPC,K39 V2,184,108,219
ZS Cases,ZS-A4DC V4,191.5,114.9,198
Metalfish,Metal Book,210,76,275
ZS Cases,ZS-A4DC V2,189,114,204
Gemcase,C9,208,101,210
柏越科技,M24 (Steel),183,109,222
柏越科技,M24 Advanced (Steel),183,109,222
InWin,Chopin,217,84,244
InWin,Chopin MAX,217,84,244
InWin,Chopin Pro,217,84,244
NFC,S4 Mini Classic,215,63,330
Densium,Densium 4 V2,193,103,225
Custom_Mod,FX 4.5L rev.3,190,105,225
LZmod,HS-V1,190,326,73
HDPLEX,H1 V3,270,264,63.5
HDPLEX,H1.TODD,270,264,63.5
Jonsbo,N10,205,108,205
Jonsbo,NV10,205,108,205
Geeklab,Nano3,186,104,235
Metalfish,Metal Solid Mini,230,86,230
电竞艾派官方店,X3,189,110,219
鄰家小匠888,邻家小匠 L33,185,112,220
Lone Industries,L5,216,94,225
TBOX,M4X,184,113,220
Formula Case,Formula 2s,182,114.5,220
Warhead Design,Mini MKVI,185,100,250
Akyga,AK-730-01BZ,256,65,279
Geeklab,Nano3c,186,106,236
J-HACK,Stratos X,216.6,91.37,235.4
Custom_Mod,FX lm 4.7L rev.2,190,110,225
所及数码店,ALLA 艾罗拉U1,185,113,225
酷酷的小机箱,驭匠 P02,227,74,283
Dream Case,D19,190,113,222
Dream Case,D19H (V1),190,113,222
Custom_Mod,SL3 stl 4.8L rev.1,194,273,90
XTIA,XSlim-Mini (M),188,86,295
GEEEK,G4,225,100,215
Midori Computer,Midori 5L,180,100,270
Custom_Mod,FX 4.9L rev.4,190,115,225
COOJ,Sparrow MQ4,235,100,210
Critical,cp4CNC,186,119,223
Velkase,Velka 5 V2.0,177,98,285
柏越科技,M24 pro,190,111,235
Critical,CP-4,187,119,223
Streacom,DB1,222,101,222
Densium,Densium 4 Plus,231,98,220
SGPC,K39 (V3),196,117,218
NFC,Skyreach 4 MINI,225,64,348
malkans,SF5A,182,137,201
LZmod,LZ-A4 A24-V5,240,91,231
ZS Cases,ZS-A4M V2,189,114,235
Velkase,Velka 5 V3.0,178,102,283
Gamemax,Violin,228,90,251
Cubeor,Aski,200,79,326
柏越科技,M34,205,105,240
SIXGE Case,K2S V2.0,191,116,234
SIXGE Case,K2S V3.0,191,116,234
REVOCCASES,FLEXi5,277,60,313
Geeklab,Nano3Plus,191,113,243
Metalfish,S3,200,105,250
Dream Case,D1U-20,200,110,240
ZZAW,A1,200,109,243
LZmod,LZ-A4 A18-V2,186,119,240
Modivio,xCase S,205,72,360
柏越科技,M24 pro V2.0,193,115,240
Dream Case,D8,260,79,260
Lazer3D,HT5,210,96,265
YTC,M69,213,115,219
Captain S.,V9,208,99,261
蛋蛋搞机坊,Digital Egg D53,230,117,200
Midori Computer,Midori 5L-V2.2,266,103,197
Midori Computer,Midori 5L-V2.3,266,103,197
ZS Cases,ZS-A4M V3,240,114.9,197.5
蛋蛋搞机坊,Digital Egg D53+,234,117,200
Geeklab,Nano4 Pro,204,114,236
Overtek,Densium 4 Plus V2,237,103,225
Formula Case,Loli1,197,117,239
Xikii Industry,FF04 LP Horizontal,234,118,200
Mini Computers,Gecko Mini,234,113,210
SKTC,XQBOX A02,210,285,93
ZZAW,A1P,201,114,243
SeaDamaged,SE Mid Mini,179,125,249
LZmod,F1-1U,188,122,243
酷冷魔神,X40,270,80,260
Phonon Case,Phonon Case,189.5,200,148.6
AKLLA,A1 (V1),220,110,233
Custom_Mod,SLM2 5.7L,220,70,370
酷冷魔神,X20,198,124,233
Velkase,Velka 5 V1.1,174,109,303
ZZ Studio,anyitx XXS,240,120,200
Captain S.,V7U,197,121,242
COOJ,Sparrow MQ5,235,117,210
Metalfish,S2,210,100,275
Warhead Design,Mini MKVI Deepdash,215,100,270
Dream Case,D1U,240,110,220
XTIA,XSlim-Mini (L),188,106,295
柏越科技,M66,200,110,270
Velkase,Velka 7 V2.0,177,111,303
Xikii Industry,FF04 LP Vertical,183,118,276
Sunmilo Studio,S02,204,118,248
笨牛机箱,U20,252,116,205
Dream Case,D21 (V1),210,118,242
Streacom,F7C Alpha,250,240,100
Streacom,FC8 Alpha,250,240,100
魔神科技电脑机箱城,XS1 Mini,200,120,250
Cemo / 佑泽企业店,9000,220,96,285
深圳好玩数码,Zapustar D01,220,110,250
Dream Case,D21 (V2),210,118,245
ZS Cases,ZS-A4S V2,274,115,194
酷酷的小机箱,驭匠 P03,218,94,300
机械核芯,Founders,276,112,199
Dream Case,D19 PRO,190,133,244
SIXGE Case,LGK2S,199,125,249
ZS Cases,ZS-A4S V3,276,114,197
AKLLA,A1 (V2),228,110,248
Modivio,xCase M,240,72,360
Velkase,Velka 7 V3.0,178,115,304
Xikii Industry,FF08,225,112,248
CHCC,A4,210,100,300
Custom_Mod,SXM1 6.3L rev.4,187,130,260
Mechanic Master,MC18,185,185,185
YTC,M69 V3,245,118,220
U-NAS,NSC-200,254,140,180
Sirius Case / 天狼星机箱,T10,226,112.5,252.8
Chieftec,FI-01B,265,90,270
Chieftec,FI-03B,265,90,270
Dream Case,D26,260,118,210
ZZ Studio,anyitx XS,270,120,200
伊噜咔装机,Y02,201,130,248
Kyle's Studio,K01,310,113,185
J-HACK,Pure XL,191,218,156
SGPC,K49 (V1),308,118,179
魔神科技电脑机箱城,飞优浦 T80,210,125,250
SeaDamaged,SE One,307,116,185
Acat机箱,S1,192,140,247
Warhead Design,Nano,235,129,220
Dream Case,D1FX (V1),310,120,180
ZS Cases,ZS-A4L V2,188,134,266
GEEEK,M21,215,130,240
GEEEK,M31,215,130,240
GEEEK,A31 V2,215,125,250
GEEEK机箱,A31S,215,125,250
CCD,MI-6,203,135,246
Deng Studio,A6,210,273,118
Custom_Mod,SX1 6.8L,305,120,185
鄰家小匠888,邻家小匠 L77,232,116,252
Dream Case,D30 (V1),305,125,178
ZS Cases,ZS-LRTX,318,70,305
678 Cases,678 Case,190.5,215.9,165.1
Dream Case,D23,230,142,208
WDEAN DORA,R2S,182,140,270
机械库,JXK-F2,308,123,182
GEEEK,G2,270,122,210
伊噜咔装机,Y01,183,137,276
Sunmilo Studio,S01,196,130,272
SIXGE Case,K3S V2.0,191,138,263
SIXGE Case,K3S V3.0,191,138,263
GEEEK机箱,A35,265,125,210
Zaber,Sentry 2.0,310,66,340
伊噜咔装机,L01,244,216,132
COOJ,Sparrow MQ6,235,141,210
SGPC,K49 (V2),306,130,175
Cemo / 佑泽企业店,9001,330,220,96
SGPC,K40,210,135,246
TBOX,M66,210,151,220
Mechanic Master,E24,195,249,144
Acat机箱,Acat1,300,129.5,180
Modivio,xCase SE,205,95,360
GJ,G-A4S,261,133,202
SFFtime,U-ITX,308,68,335
Peeress,Rider R2 Black 1.0,193,135,270
Peeress,Rider R2 White 2.0,193,135,270
Peeress,Rider R2 3.0,193,135,270
伊噜咔装机,L01S Super,242,136,214
Custom_Mod,SX stl 7.1L rev.2,310,120,190
Lazer3D,LZ7,198,226,158
Mini Computers,Gecko XS,264,134,200
Raijintek,Ophion 7L,312,101,225
Dan Cases,A4-SFX V4.1,317,112,200
Silverstone,ML05,205,350,99
Silverstone,ML06,205,350,99
Silverstone,ML06-E,205,350,99
Silverstone,ML09,205,350,99
Interstellar,i1,188,142,267
Captain S.,V6,188,142,267
Lazer3D,CG7 Cravo,227,103,305
Hydra Shop,Hydra Mini,210,130,263
Dream Case,D25,250,116,248
Dream Case,D1FX (V2),310,130,180
ZS Cases,ZS-A4S V4,277,134.5,196
SKTC,A10,262,92,303
Sliger,DSE Breathe,183.1,115.1,346.9
HZ MOD,XQ69 V3,313,69,339
Dream Case,D30 (GPU 55mm thickness edition),305,135,178
Dream Case,D21 PRO,210,133,263
GEEEK机箱,C2,220,125,268
Captain S.,V6.1,188,142,277
SIXGE Case,LGK3S,192,145,266
Dream Case,D21 68mm CPU Special Edition,210,140,252
广州玩家部落,GR-A06,215,138,250
Custom_Mod,SLM3 lm 7.4L rev.2,308,71,340
Shiny Snake,S200,190,145,270
SGPC,K66 (V1),194,165,234
pccooler超频三旗舰店,超频三蜂鸟I100,308,128,190
pccooler超频三旗舰店,超频三蜂鸟I100 PRO,308,128,190
Midori Computer,Midori 7.5L,306,125,196
AKLLA,A3,195,140,275
Chieftec,BU-12B,290,92.5,280
Custom_Mod,SX2 7.5L,308,122,200
GEEEK,A30 V2,238,125,253
Metalfish,T60,310,128,190
LZmod,F1-SFX,188,148,271
ZS Cases,ZS-A4 V2,316,129,185
Metalfish,T40,212,137,260
HZ MOD,XQ69 V4.1/V4.4,323,69,339
ZZ Studio,anyitx S,315,120,200
CHCC,A4V,300,120,210
Formula Case,X1,310,134,182
ZS Cases,ZS-A4L V1,196,140,277
Dream Case,D1UX,290,125,210
Theez Designs,Humble,207,230,160
广州玩家部落,GR-A05,312,135,181
XTIA,Xproto-Mini,220,160,217
REVOCCASES,RCC-MIT1,188,148,276
Warhead Design,Papyrus,200,140,275
电竞艾派官方店,X1,315,126,195
Dream Case,D30 (V2),305,140,182
魔神科技电脑机箱城,飞优浦 T80 Puls,200,145,268
SIXGE Case,K3S V2.0 (watercool version),191,138,295
LOUSU Studios,LSIG,192,152,268
InWin,B1,238,108,305
InWin,B1 Mesh,238,108,305
InWin,B1 Pure,238,108,305
Luna Design,PRIME,280,140,200
Cemo / 佑泽企业店,M1,250,100,315
Metalfish,S2 Plus,225,115,305
魔神科技电脑机箱城,飞优浦 Ghost S1 (old),310,137,186
Salvo Studios,S401,324.4,68.2,357.1
SGPC,K39 pro (V1),197,146,275
Peeress,Rider R2 4.0,208,135,282
SFFTEC,Z-Case P50 V1.1,291,72,378
GEEEK机箱,A35S,265,125,240
Interstellar,i2,180,155,285
SGPC,K59,256,93,334
SGPC,K66 (V2),245,151,215
WDEAN DORA,R1S,310,140,184
SGPC,K39 PRO (V2),197,146,278
ASRock,DeskMeet B660,219.3,168,218.3
ASRock,DeskMeet X300,219.3,168,218.3
ASRock,DeskMeet X600,219.3,168,218.3
CaseKraken,Flip H1,215,150,250
Sliger,CL520 / Console,343,68,346
Custom_Mod,SLM3 lm 8L rev.5,312,75,345
Shiny Snake,S300,312,135,193
Modivio,xCase ME,240,95,360
Sirius Case / 天狼星机箱,T50 (new),311,126.5,209.6
HG Computers,OSMI,180,180,255
GEEEK,A30,244,124,274
YTC,M69 V4,270,128,240
WDEAN DORA,D1S,322,140,184
柏越科技,M12,262,94,337
malkans,SF8G,214,159,244
ZS Cases,ZS-A4 V3,320,134,194
SGPC,K66 (V3),245,158,215
KKSB Cases,K1,310,138,195
REVOCCASES,RCC-MIT1-XL,188,161.5,276
ZS Cases,ZS-A4 V3.2,320,134,196
Acat机箱,X1,320,140,188
Dream Case,D1U-27,270,130,240
SGPC,K60,245,158,218
Jonsbo,T8,218,160,242
Louqe,Ghost S1 Mk III (no top hat),322,140,188
ITX工房,Ghost S1 (clone),322,140,188
KEVCASES,Ghost S1 (Clone),322,140,188
KEVCASES,V1.2,322,140,188
小白DIY电脑机箱,DIY A4,306,126,220
Streacom,FC5 Alpha,325,435,60
AKLLA,A2,255,155,215
Fate itx design,Rider R2 5.0,206,149,278
魔神科技电脑机箱城,飞优浦 XS2 (new),208,152,270
Sirius Case / 天狼星机箱,T20 / Nova1024,308,136,204
LZmod,LZ-A4 T31-V2,316,127,213
Modivio,xCase L,330,72,360
Kyle's Studio,Cube X1m,310,138,200
Sirius Case / 天狼星机箱,S40,229,150,250
Warhead Design,Sans (A),323,130,205
Warhead Design,Sans (B),323,130,205
Lazer3D,LZX-8,220,245,160
SIXGE Case,K3S Plus V3.0,210,138,298
酷酷的小机箱,驭匠 P04,262,98,337
U-NAS,NSC-400,254,190,180
U-NAS,NSC-401,255,190,180
Nouvolo,Steck (no Stack),315,142,195
Dark Energy Studio,BH-S,280,152,205
魔神科技电脑机箱城,飞优浦 XS2 (old),206,155,275
魔神科技电脑机箱城,飞优浦 Ghost S1 (standard),320,145,190
CHCC,A4VPLUS,350,120,210
Small Case,Smallest One,280,149,212
机械核芯,Frontier-S,316,140,200
Faiz机箱,FZ01,260,148,230
Critical,CP-1,321,138,201
MPCG,A4 S1,320,140,200
Dream Case,D27 (V2),270,155,215
Metalfish,Metal Solid,300,100,300
ZS Cases,ZS-R01,326,131,211
SGPC,K69,208,168,258
Colin Reay,MK2,187.5,166,290
Shiny Snake,L300,188,135,356
JM Customized,JIMU D+ V2.0 (Basic),340,140,190
机械库,JXK-J2,205,150,295
酷冷魔神,X60,250,158,230
笨牛机箱,U35,255,157,228
Acat机箱,Acat3,278,153,215
Dream Case,D27 (V1),270,156,218
臻致设计的工业与艺术,PDL-JX-B1/2/3,345,138,193
Louqe,Ghost S1 Mk III (with S top hat),322,140,204
Ultra Civilz,A4F,308,139,215
teenage engineering,computer-1,190,170,285
Dream Case,D1F-I SFX,270,155,220
旅猫工作室,A4,320,85,340
Seven.CME,FL-A4,315,140,210
Small Case,Bs2 (Air),320,138,210
瑞创意,MC3 / WS19 (299 version),199,199,299
AKLLA,A3 (CNC),216,155,278
深蓝SL,SL-A4+,336,131,212
Warhead Design,Micro,315,129,230
深圳好玩数码,Zapustar D02,250,134,280
SFFtime,P-ATX V1,380,72,343
LYMOD,Y20,289,149,218
pccooler超频三旗舰店,超频三蜂鸟2,330,150,190
Ultra Civilz,A4F-PY,306,143,215
Metalfish,S3 Plus,240,140,280
龙猫定制,Black Hole,200,200,300
Kyle's Studio,K03,282,147,228
深圳好玩数码,Zapustar M02,271,158,221
Salvo Studios,S402,327,78.7,368.3
FormD,T1 V1.1,330,133,216
REVOCCASES,RCC-DTC1,273,142,245
臻致设计的工业与艺术,PDL-JX-A1/2/3,345,143,193
Norco,ITX-S4,254,191,197
Chieftec,BT-02B,240,135,295
深圳好玩数码,Zapustar X02,320,136,220
Mechanic Master,C24 (V1),249,155,249
SGPC,K70,276,160,218
Kolink,Rocket,328,125,235
Louqe,Ghost S1 Mk III (with M top hat),322,140,214
Mini Computers,Gecko ITX-S,311,139,224
Sliger,SM550,335,139,208
Thor Zone,Mjolnir,354,131,209
GEEEK,A50,330,140,210
鄰家小匠888,邻家小匠 L55,313,141,220
Sirius Case / 天狼星机箱,T70,277,159.5,220
GJ,G-TS1S,270,160,225
SGPC,K49 pro,315,147,210
魔神科技电脑机箱城,飞优浦 Ghost S1 (air cool),320,145,210
柏越科技,M99,290,120,280
LZmod,DS-A4-V1,332,140,210
魔神科技电脑机箱城,飞优浦 T90,278,160,220
InWin,BP655,355,103,268
InWin,BP691,355,103,268
LZmod,II-33 (air cooling),326,140,215
Xikii Industry,FF04 ProArt,183,145,370
Kyle's Studio,K02,315,130,240
REVOCCASES,RCC-MID2,180,140,390
ZS Cases,ZS-A4 V3 (with 36mm top hat),320,134,230
AKLLA,A4 V2 (air cool),335,155,190
Dream Case,D1U-M,270,126,290
GJ,G-TS1,278,163,218
GEEEK,A50 Plus,330,140,214
电竞艾派官方店,X5,330,143,210
Mechanic Master,C24 (V2),249,160,249
Cubeor,Aski 2,208,162,295
FormD,T1 Reference V2.1,335,135,220
FormD,T1 Sandwich V2.1,335,135,220
NCase,T1 Sandwich V2.5,335,135,220
瑞创意,MC3 / WS19 (320 version),199,199,320
广州玩家部落,GR-A07,273,160,228
ZS Cases,ZS-ST V1,228,134,326
Goldenfield/金河田,MATE 1S,318,142,221
白菜哥的itx小店,X64 V2 (Standard),280,155,230
InWin,BP671,362,103,268
Colin Reay,MK1,196,173,295
兆方数码专营店,Pado N1,325,140,220
Streacom,FC9 Alpha,289,348,100
BRZHiFi,Cube-6,216,216,216
SFFtime,P-ATX V2,378,78,342
U-NAS,NSC-410,263,195,197
Fractal Design,Node 202,330,82,377
臻致设计的工业与艺术,PDL-JX-D1,357,143,200.1
ZZAW,B2,312,140,235
Kyle's Studio,Cube X1,310,138,240
Ultra Civilz,A4F-XL,308,139,240
ZZAW,B1,310,140,237
ZS Cases,ZS-A4 V3 (with 46mm top hat),320,134,240
InWin,BP659,373,103,268
AKLLA,A5,190,155,350
Metalfish,Metal Glass,285,125,290
酷酷的小机箱,驭匠 X02 Small,255,159,255
Silverstone,MILO 11,285,330,110
Lazer3D,LZ7 XTD,290,226,158
AKLLA,A4,335,155,200
AKLLA,A4s,335,155,200
AKLLA,A4-atx,335,155,200
Fractal Design,Terra,343,153,198
SFFtime,P-ATX V3,377.5,81,340
Dream Case,D1FX-240 (V2),310,140,240
柏越科技,MA4,329,132,240
柏越科技,M99 V3,280,135,276
YTC,M99 V4,280,135,276
YTC,M99 V5,280,135,276
Mechanic Master,MC14,342,142,215
Chieftec,BT-04B,240,135,323
Chieftec,BT-06B,240,135,323
Shiny Snake,S400 V2,340,140,220
JM Customized,JIMU D+ V1.0,340,140,220
AKLLA,A3 Max,216,155,313
Sunmilo Studio,T03,320,130,252
XTIA,Xproto,190,160,345
XTIA,Xproto-N,190,160,345
JM Customized,JIMU D+ V2.0 (Package A),340,140,221
JM Customized,JIMU D+ V2.0 (Package B),340,140,221
Mini Computers,Gecko Air ITX,256,150,274
Sunmilo Studio,C01s,280,160,235
Metalfish,S4,300,160,220
Metalfish,S6,300,160,220
GJ,G-A4L,333,155,205
极致猫电子,Z11,332,149,214
Sirius Case / 天狼星机箱,T50 (old),324,148,221
魔神科技电脑机箱城,XX1,190,155,360
GEEEK,M5,340,140,223
REVOCCASES,RCC-TWR1,213,156,320
Dream Case,D1FX-240 (V1),315,130,260
臻致设计的工业与艺术,PDL-JX-C1/2,361,145,203.6
iQunix Design,ZX-1 (air cool),330,149,217
浪险电竞装机馆,ProArtist Elfish 3,320,145,230
Sirius Case / 天狼星机箱,T80,331,150,216
Sunmilo Studio,T03 Pro,320,130,258
Anthe,W19,356,67,451
Silverstone,SG05,276,222,176
Archon定制主机,Vnano,289,170,220
Seven.CME,M1 (10.8L),317,155,220
Ultra Civilz,A4s,308,135,260
GEEEK,A40 V2,261,139,300
Dream Case,D1FX-ATX,335,155,210
Sliger,CL530 / Conswole,343,92,346
GEEEK,A40 V3,261,140,299
Fire create 火联智造,灵刃S1,354,141,219
Fire create 火联智造,灵刃S2,354,141,219
SGPC,K77 (V3),284,156,247
GEEEK机箱,A50S (3 slot version),330,155,214
Small Case,Bs2 (Water),320,138,248
GEEEK,A70,214,155,331
Dream Case,D30 PRO (V1),330,160,208
Dream Case,D30 PRO (V2),330,160,208
Dream Case,D32,320,156,220
WDEAN DORA,D2S,350,143,220
Seven.CME,SL-A4,315,140,250
HDPLEX,H3 V3,302.2,320.53,114
Louqe,Ghost S1 Mk III (with L top hat),322,140,245
SGPC,K77 (V2),282,158,248
Sliger,SM560,335,159,208
Mini Computers,Gecko 250,259,155,276
CaseKraken,NEX Classic V2,330,160,210
Jonsbo,N2,222.5,222.5,224
Mechanic Master,钢铁匣 Nano,210,145,365
Lian Li,A4-H2O,326,140,244
Silverstone,SG06,286,220,177
GEEEK,G1 SE,330,145,233
Sirius Case / 天狼星机箱,T30 / RDX1024,319,140,250
Captain S.,V2,318,140,251
INDESIGN STUDIO,IN-0 (Open Chassis),210,150,355
GEEEK,G1,332,144,234
GEEEK机箱,N501,290,155,250
Custom_Mod,SX3 lm 11L rev.1,315,152.5,234
酷酷的小机箱,MS01,280,150,268
Warhead Design,Sans 2,335,143,235
LZmod,II-33 (water cooling),326,140,247
ZZAW,B5,327,150,230
Modivio,xCase LE,330,95,360
Jonsbo,U1 Plus,220,170,302
Thor Zone,NANOQ S,355,141,226
SGPC,K90,318,138,258
渝岸机箱,CTRL-C1,315,145,249
LZmod,LZ-A4 V1-240,332,140,245
XTIA,Xproto-L,190,160,375
Nouvolo,Steck (with Stack),315,142,255
AKLLA,A4 Pro,340,160,210
Ultra Civilz,M1,318,160,225
Silverstone,SG13,285,222,181
SGPC,K77 (V4),290,158,250
酷冷魔神,X70,290,158,250
REVOCCASES,RCC-MID1,197,197,296
Kompcase,Open Mini-ITX Chassis,192,164,365
Critical,CP-2,333,144,240
Sunmilo Studio,T03 Pro (extended),320,140,258
Zalman,M2 mini,328,150,235
Deng Studio,A4X,325,159,224
魔神科技电脑机箱城,飞优浦 Ghost S1 (water cool),320,145,250
Metalfish,G5 Plus,320,140,260
魔神科技电脑机箱城,HGL A4,320,140,260
机械库,JXK-P1,285,160,256
Mechanic Master,T12,216,129,420
Circle Studio,Circle Pro,292.9,136.9,292.9
白菜哥的itx小店,X64 V2 (Extended),330,155,230
Yuel Beast Designs,Motif Monument,181.6,201.4,321.8
Silverstone,CS280,301,221.5,176.7
GEEEK机箱,M6,340,148,235
Galaxy Studios,W2,202,202,369
Galaxy Studios,W2 Pro,202,202,369
SeaDamaged,SE Mix,312,167,227
REVOCCASES,RCC-TWR1-12L,225,156,338
Lian Li,PC-TU100,252,170,277
Acat机箱,Acat x Pro (V1),340,152,230
机械库,JXK-F1,320,157,237
pccooler超频三旗舰店,超频三蜂鸟3,348,160,215
GEEEK,N500 LITE,289,166,250
WDEAN DORA,OS1,297,136,297
电竞艾派官方店,X6,330,140,260
Warhead Design,Dual Cool MKIII,250,130,370
GEEEK机箱,N501S,290,166,250
AKLLA,A5 Max,190,155,410
Mechanic Master,Logicube iF11,355,159,214
Jonsbo,C2,224,200,270
机械库,JXK-M1,280,160,270
极致猫电子,Z12,332,149,245
MPCG,M1,330,160,230
Shiny Snake,L400,198,169,363
Mini Computers,Gecko ITX-M,329,165,224
Sunmilo Studio,C01,280,185,235
Nouvolo,Steck v2.0,343,156,228
Warhead Design,Alphs,315,152,255
Goldenfield/金河田,MATE Q1,283,160,270
Silverstone,ML08,370,87,380
Silverstone,RVZ02,370,87,380
Cemo / 佑泽企业店,A4-SFX,325,145,260
iQunix Design,ZX-1 (water cool),330,149,250
Critical,CP-3,322,157,245
Custom_Mod,Stand R1,185,197,340
Shiny Snake,S450,340,149,245
GEEEK,G1 PRO,345,150,240
Louqe,Raw S1,191,172,379
Metalfish,S5 (V1),300,160,260
Thor Zone,TETRA R,367,95,358
Jonsbo,T8 PLUS,272,163,282
DICE CASES,FLOW,372,161,209
Mechanic Master,T12-TG,247,137,370
Deng Studio,A12,295,166,256
GEEEK,A60 Plus,330,150,254
Fractal Design,Ridge,355,94.6,375
CNCAXE,S2cn,290,170,256
Cemo / 佑泽企业店,L1,259,150,325
Custom_Mod,R-Cube 13L rev.1,227,185,302
九品创客,ESE Hummingbird,340,170,220
NCASE,M1 V6.1,328,160.6,241.7
Shiny Snake,G200,280,188,243
Mechanic Master,MC14 V2,345,149,249
Goldenfield/金河田,MATE 2S,338,148,256
Seven.CME,M1 (12.8L),317,165,245
Captain S.,V1.2,296,166,261
Acat机箱,Acat x Pro (V2),345,155,240
Captain S.,V1.1,342,149,252
Custom_Mod,SXM 12.8L Liquid Cooling,310,137,303
Mechanic Master,C26 (V1),315,155,265
SKTC,S02,320,142,285
GEEEK,A70 PRO,253,155,331
AKLLA,A4 V2 (water cool),335,155,250
Silverstone,SUGO 16,280,200,232
Jonsbo,V11,353,170,217
Jonsbo,N1,354,170,217
REVOCCASES,RCC-BIG1,188,188,370
Dream Case,D33 (V1),325,156,258
Deng Studio,A12 V3.0,300,168,260
GEEEK,A60,332,158,252
ZS Cases,ZS-OC V1,203,175,373
机械库,JXK-F3 Youth Edition,340,160,244
ZZAW,B2 Plus,333,145,275
HZ MOD,ACC X11,323,157,262
Sliger,S610,344,151,256
Galaxy Studios,W5,347,146,263
Mechanic Master,C26 (V2),315,160,265
Raijintek,Metis Plus,277,190,254
SKTC,Q1,277,190,254
机械库,JXK-M2,255,150,350
深蓝SL,SL-M1,335,168,238
电竞艾派官方店,X7,365,160,230
AKLLA,A4 Max,340,155,255
Metalfish,G5 Plus (water cool),320,140,300
Custom_Mod,SX5 13L Liquid Cooling,345,153,256
Metalfish,S5 (V2),325,160,260
Phanteks,Evolv Shift XT (Compact),371,173,211
Mechanic Master,Logicube iF13,355,159,240
CASELAIR,H'z Mk3s,280,170,285
mcprue,ApolloTwo,357,153,249
NZXT,H1 (V1),187.6,187,387.7
YTC,M99S,320,135,315
笨牛机箱,U50,242,157,359
Jonsbo,T6,223,185,332
魔神科技电脑机箱城,MS4,260,160,330
翼王的藏宝阁,Vector-1 SE,344,153,261
SKTC,HX BOX 100,328,159,264
ZZAW,C2,326,161,262.5
魔神科技电脑机箱城,飞优浦 MX1,262,160,329
ALmordor,Solar 210 SFF,235,210,280
Sliger,SM570,357,135,287
Deng Studio,F12,332,167,250
翼王的藏宝阁,Vector-1,343,155,261
Streacom,FC10 Alpha,319,435,100
SGPC,K88 (V2),337,156,265
ZZAW,B6 V2,350,163,245
Dream Case,D33 (V2),325,155,278
Nouvolo,Steck v2.0 (with one top hat),343,156,262
Dream Case,D1FX-ATX-240,335,155,270
Silverstone,ML07,350,105,382
Silverstone,RVZ01,350,105,382
Silverstone,RVZ01-E,350,105,382
SFFtime,N-ATX V1,406,98,354
Aerocool,Playa Slim,420,112,300
Scythe,Otter,420,112,300
Silverstone,FTZ01,351,107,376
Silverstone,FTZ01-E,351,107,376
VALKPC,VF-1,338,170,246
Kolink,Rocket V2,350,150,270
Warhead Design,Toriel,282,185,272
机械库,JXK-F4,342,166,250
所及上品 电脑配件 臻,艾罗拉M40,342,166,250
COOJ,Chancellor Z13 (V1),335,167,254
B-Team Lab,BB1,216.01,170.02,387.04
Silverstone,CS01,210,210.5,322
Silverstone,CS01-HS,210,210.5,322
HDPLEX,H5 2nd Gen,356,430,93
Acat机箱,X2,330,164,264
Mechanic Master,C26 Youth Edition,335,160,267
INDESIGN STUDIO,IN-0,231,171,363
Aerocool,CS-101,427,112,300
ZZAW,B3,326,161,274.5
U-NAS,NSC-800,254,316,180
Lian Li,Q58,342,170,250
InWin,BK623,322,140,323
Dream Case,D1F-M SFX,330,155,285
Silverstone,RVZ03,364,105,382
至尊地带旗舰店,Vikingdom M1S,324,172,262
SGPC,K88 (V1),345,158,268
ssupd,Meshlicious,245,166.4,360
Dan Cases,C4-SFX V1,350.2,166,253
酷冷魔神,X70 Pro,345,158,270
COOJ,Chancellor Z13 (V2),340,170,255
Cooler Master,NCORE 100 AIR (Normal),212,155,449
Silverstone,SG07,350,222,190
SKTC,S300 (V1),334,161,275
Oki,Oki Case,326,176,258
Silverstone,SG08,351,222,190
JM Customized,JIMU D+ V2.0 (Package D) (D1-3),342,164,264
JM Customized,JIMU D+ V2.0 (Package D) (D4-6),342,164,264
Cemo / 佑泽企业店,A4,350,158,268
Captain S.,V3,327,165,275
SIXGE Case,K3 PRO,245,166,365
SpyLabs,JOAT 14.9 V1.1,325,185,247
Sharkoon,QB One,368,225,180
ssupd,Meshroom S,247,167,362
ssupd,Meshroom D,363,167,247
Sharkoon,Shark Zone C10,370,225,180
NCASE,M1 EVO,366,160,256
SFFtime,N-ATX V2,405.5,101,367
Dark Energy Studio,BH,311,170,285
Cooler Master,Elite 110,280,260,208
Mini Computers,Gecko ITX-L,352,163,264
Meshless Design,MD280,370,165,249
Meshless Design,MD280 PRO,370,165,249
Sliger,SV540,247,154,401
酷冷魔神,X80 Pro,345,158,280
SKTC,S300 (V2),330,160,290
ZZAW,C2P,342,161,278.5
Acat机箱,Abox one,245,173,362
Lazer3D,LZX-15,363,160,265
FSP,CST110,350,140,315
Custom_Mod,TX1 stl 15L,350,170,260
SKTC,HX BOX 100 PLUS,369,159,264
龙猫定制,M01,200,200,388
笨牛机箱,E15,347,160,280
Mechanic Master,C26 PLUS,342,169,269
NZXT,H1 (V2),196,196,405
Winter Design,Winter One,322,160,302
Dream Case,D35 (V2),350,160,278
酷酷的小机箱,驭匠 X02 Medium,319,159,307
Metalfish,G5 MAX,348,160,280
Silverstone,MILO 12,378,105,393
Sunmilo Studio,M01 (mATX mode),330,166,285
Sunmilo Studio,M01 (mITX mode),330,166,285
Sunmilo Studio,M01 (Sandwich mode),330,166,285
深圳好玩数码,Zapustar M03,355,160,275
Phanteks,Evolv Shift XT (Air Boost),371,173,244
NCASE,M2,366,166,258
Jonsbo,A4,340,169,273
Jonsplus,BO 100,233,239,282
Silverstone,ML03,340,440,105
Nouvolo,Borg,235,235,285
野望嚴選 企業店,Minichariot Z2,345,185,247
Dream Case,D35 (V1),350,160,282
Cooler Master,NCORE 100 MAX (Normal),212,155,481
Nouvolo,Steck v2.0 (with two top hats),343,156,296
Jonsbo,C6-ITX,266,202,295.2
Jonsbo,C6,266,202,295.2
EVGA,Hadron Air,308,169,305
Sliger,SM580,357,155,287
Shiny Snake,S500,340,170,276
Dream Case,D1F-M ATX,350,160,285
Raijintek,Ophion,375,174,245
SKTC,Q100,375,174,245
HZ MOD,Barrowch Neoclassical,334.3,187,256.8
Mini Computers,Gecko XL,333,170,284
Silverstone,ML04,350,440,105
Comino,OTTO,405,190,211
Mini Computers,Gecko XL V2,333,170,288
所及上品 电脑配件 臻,艾罗拉M40 Plus,340,160,300
XWORKS,70 xFrame,387,185,228
GEEEK机箱,N601 (A mode),330,165,300
GEEEK机箱,N601 (B mode),330,165,300
Thor Zone,NANOQ R,407,164,245
Hydra Shop,Hydra Micro,293.5,155,359.5
酷酷的小机箱,Mili Mini,271,164,368
Zalman,Z-Machine 300,330,160,310
Cooler Master,NCORE 100 AIR (Expanded),212,172,449
Sliger,S620,344,186,256
Xikii Industry,FF07,410,168,238
XTIA,Xproto-ATX,284,170,340
SKTC,Q2,300,193,285
托马霍克数码专营店,小蜜蜂,270,175,350
Jonsbo,UMX1 Plus,300,160,345
Mini Computers,Gecko Air ATX,333,153,326
Kolink,Rocket Heavy,350,180,265
Fractal Design,Era ITX,325,166,310
Shiny Snake,G300,345,188,260
Mini Computers,Gecko 320,333,190,267
U-NAS,NSC-810,315,275,197
U-NAS,NSC-810A,315,275,197
酷冷魔神,X90 Pro,375,158,290
爱国者DIY京东自营官方旗舰店,爱国者 Aigo YOGO S1,238.8,175,412
darkFlash,DLH 21,238.8,175,412
Golden Field,N-1,328,260,202
Golden Field,N-2S,328,260,202
Kolink,Satellite,328,260,202
Kolink,Satellite Plus,328,260,202
GEEEK机箱,M8,335,167,308
Warhead Design,Toriel XL MK2,320,200,270
ssupd,Meshroom S (with extender bracket),287,167,362
ssupd,Meshroom D (with extender bracket),363,167,287
Lian Li,PC-Q50,360,170,285
Phanteks,Evolv Shift XT (Liquid Cooled),371,173,272
Streacom,DA2,340,180,286
SGPC,K88 (V3),270,159,408
Cooler Master,NCORE 100 MAX (Expanded),212,172,481
Louqe,Ghost R1,354,187,265
REVOCCASES,RCC-BIG2 (17.5L),255,186,370
Jonsbo,V9,337,165,317
Silverstone,FT03-MINI,235.1,188.9,397
Artesian Builds,Pluto,360,142,345
Cooler Master,MasterCase H100,278,216,294
Norco,ITX-S8,259,203,337
Tecware,Fusion Air M2,350,168,302
mcprue,Apollo SE V1,360,186.6,265
mcprue,Apollo SE V2,360,186.6,265
Warhead Design,LP-matx,338,185,285
Sliger,SV590,247,154,472
Sliger,SV590 V2,247,154,472
Mechanic Master,C28,342,185,284
Perseus Cases,Pantheon,356.5,170,297
Chieftec,Pro Cube Mini,356,260,195
Jonsbo,N3,262,233,298
Jonsbo,V10,344,174,304
COOJ,Z18 (window),340,170,315
COOJ,Z18 (vented),340,170,315
Cooler Master,MasterBox NR200,360,185,274
Cooler Master,MasterBox NR200P,360,185,274
Cooler Master,MasterBox NR200P V2,360,185,274
Streacom,DB4,260,260,270
mcprue,Apollo S 3.0,374,185,264
Cooler Master,NR200P MAX,361,185,274
HYTE,Revolt 3,253,178,409
酷酷的小机箱,驭匠 X02 Large,339,177,307
Deng Studio,F12PRO,347,195,273
EVGA,Hadron Hydro,308,169,355
POLARCASE,SC,316,190,310
Cooler Master,NR200P V3,367.2,185,274
Nanoxia,Project S Mini Rev B,309,502,120
Mechanic Master,Logicube iF17,346,189,285
Golden Field,M3S,330,172,330
Artesian Builds,Avium,335,500,112
REVOCCASES,RCC-BIG2 (18.8L),273,186,370
Shiny Snake,G400,352,188,285
Raijintek,Ophion Evo,375,174,290
ZZAW,C1S,283,186,360
CASELAIR,H'z Mk5A,330.8,169,339
CASELAIR,H'z Mk5L,330.8,169,339
Fractal Design,Era 2,366,165,314
mcprue,Apollo S 4.0,384,185,267
NCASE,M3,366,192,270
Warhead Design,Treasure V1.2,280,295,230
Deepcool,CH170 DIGITAL,250,200,380
Deepcool,CH160,336,200,283.5
Silverstone,SG15,366,247,211
SGPC,S18,270,343,206
Jonsbo,V4,290,238,278
SGPC,K99,375,158,325
所及上品 电脑配件 臻,艾罗拉M40 ATX电源版,378,170,300
Antec,Performance 1 M,424,175,260
ALmordor,Sharky 170I ITX,390,165,300
Deng Studio,A12 Pro,338,192,298
Mini Computers,Gecko WXL,333,205,284
ALmordor,SilverLining 160 ITX,345,155,365
ALmordor,SilverLining 160G ITX,345,155,365
Deng Studio,F15PRO,332,198,297
Fractal Design,Core 500,367,250,213
Silverstone,SG14,368.1,247,215
Jonsbo,N4,300,286,228
anidees,AI Atomic,390,173,290
Protolyth,Slate-Case AQ,294,179,373
Fractal Design,Node 304,374,250,210
ZZAW,C6,398,165,299
AZZA,PYRAMID Mini 806,368,368,435
Sliger,Cerberus,358,172,319
Mini Computers,Gecko WXL V2,333,205,288
SFFtime,MNLT,231,209,408
REVOCCASES,RCC-BIG560,335,180,328
Cooler Master,Elite 130,398.5,240,207.4
SKTC,S200,354,190,295
Segotep,Slath mini,230,269,321
Jonsbo,VR3,255,204,382
Cougar,QBX,384,178,291
Lian Li,PC-O5,384,133,390
Streacom,DA6,215,215,431
Cascade Labs,SUB-20,352,202,285
Jonsplus,Z20,370,186,295
Deng Studio,W20,348,187,312
AC Mod,虚数空间360i,297,170,403
Deng Studio,F15 MAX,355,195,294
Fractal Design,Mood,212,212,453
Kolink,ROCKET COMPLEX,212.5,214.5,448.5
SKTC,A03,393,161,324
Thermaltake,TR100,391,179,294
Mechanic Master,C+ Max,392,185,284
AKLLA,A6M-atx,350,190,310
ZZAW,C4,383,174,310
Jonsbo,C6 MAX,349,202,295
ALmordor,Seiya 180 MATX,356,195,300
Jonsbo,U3,270,208,372
ZZAW,C9,355,203,291
Metalfish,T80,380,173,320
Cougar,DUST 2,403,175,299
SAMA,IS,396,168,318
ABKONCORE,C350M,315,185,365
Silverstone,GD04,323,440,150
ZZAW,C2M,379,189,298
酷冷魔神,X99 Pro,375,190,300
Warhead Design,XL3,350,215,285
Riotoro,CR280,330.2,203.2,320
Acat机箱,Z1,250,183,470
Jonsbo,RM2,302,209,341
Streacom,DA6 XL,215,215,466
Silverstone,GD05,325,440,151
Mechanic Master,C34,342,185,342
Silverstone,DS380,360,211,285
ZZAW,C3,410,170,313
InWin,A1,357,224,273
InWin,A1 Plus,357,224,273
InWin,A1 Prime,357,224,273
SAMA,IM01,391,185,303
MONTECH,SKY ONE MINI,355,196,315
Warhead Design,Treasure Pro,292,328.5,228.5
Sapphire,M01,392,185,303
Jonsbo,VR1,238,239,386.5
ZZAW,C5,406,187,290
ZZAW,C1,313,165,428
Raijintek,Metis Evo,290,293,263
Silverstone,GD06,340,440,150
Silverstone,SG02-F,393,270,212
Silverstone,SG11,393,270,212
Phanteks,Evolv Shift,274,170,484
Phanteks,Evolv Shift Air,274,170,484
Thermaltake,Core V1,316,260,276
Silverstone,CS351,411,265,209
Phanteks,Evolv Shift 2,274,170,490
Phanteks,Evolv Shift 2 Air,274,170,490
Thermaltake,Suppressor F1,319,260,276
Silverstone,SG09,354,220,295
Silverstone,SG10,354,220,295
Silverstone,SG12,412,266,210
Jonsbo,V12,301,280,275.5
Sliger,Cerberus X,380,172,358
Mini Computers,Gecko V,358,153,429
Gamemax,Abyss ITX,426,170,325
Gamemax,Ultra Star,426,170,325
Thermaltake,Core G3,371,140,454
Mini Computers,Gecko V V2,357,153,433
Deepcool,CH160 PLUS,375,195,323.5
AeroCool,CS-109,314.8,195,385.4
AeroCool,Evo Mini,314.8,195,385.4
AeroCool,CS-107,340.6,197.5,353
Lian Li,TU150,375,203,312
ZZAW,C1+,338,165,428
AeroCool,CS-104,340.6,199,353
AeroCool,CS-106,340.6,199,353
ZZAW,C4P,423,196,289
AeroCool,CS-105,355,187,361
Jonsbo,D32 STD,384,207,302
Jonsbo,D32 PRO,384,207,302
Deepcool,CH170 PLUS,290,195,424.5
Gamemax,Stratos ITX,435,170,325
Cubeor,Vault 2,256,220,429
ZZAW,C3P,425,182,313
InWin,901,400,173,350
Razer,Tomahawk Mini-ITX,367.2,206.2,321.5
AeroCool,CS-102,372,190,345
G.Skill,Z5i,307.5,190,417.5
Jonsbo,UMX3,358,188,365
Streacom,F12C,320,440,175
Corsair,2000D AIRFLOW,271,200,458
Corsair,2000D RGB AIRFLOW,271,200,458
Raijintek,Ophion Elite,302,180,458
Deng Studio,M25,370,198,340
Cryorig,TAKU,310,570,142
ALmordor,Sparkle 170M Lite,410,170,360
ALmordor,Sparkle 170M Matx,410,170,360
ABEE,AS Enclosure RS07,239,234,450
Metalfish,T90,336,226,332
Silverstone,LD03,230,265,414
Silverstone,LD03-AF,230,265,414
Jonsbo,V8,390,249.5,260
SKTC,Q3,360,210,335
Raijintek,Styx,360,210,335
Captain S.,V12,388,186,355
Metallic Gear,Neo G Mini V2,380,190,355
Metallic Gear,Neo Mini V2,380,190,355
Silverstone,PS15,351,192,381
AeroCool,CS-108,383,189,356
Jonsbo,T7,305,210,403
Salvo Studios,S700,393.7,168.3,390.5
Jonsplus,i 100 Pro,435,194,307
ABEE,AS Enclosure W1,360.5,240,300
InWin,301,365,188,379
SAMA,IM01 Pro (without top hat),391,205,325
Silverstone,SUGO 17,451,202,286
Lian Li,A3-mATX,443,194,306
Jonsbo,D30,401,204,325
Fractal Design,Define Nano S,400,203,330
Silverstone,FARA 311,410,183,360
Silverstone,FLP01,362,440,170
Fractal Design,Meshify 2 Nano,384,205,345
NZXT,H210,372,210,349
NZXT,H210i,372,210,349
Chieftec,BX-10B-OP,415,204,325
Nanoxia,Project S Midi Rev B,383,431,167
Fractal Design,Define 7 Nano,390,205,345
Raijintek,Thetis,360,210,366
Jonsbo,RM3,336,215,385
SKTC,Q5,360,210,370
Corsair,250D,351,277,290
Gamemax,Spark,413,204,337
Cooler Master,Q300L V2,370,210,370
mcprue,Apollo S Ultra,466,195,318
SAMA,IM01 Pro (with top hat),391,205,362
Sharkoon,Rebel C20 ITX,471,208,301
Jonsbo,U4,340,205,428
InWin,A3,401,215,347
Phanteks,Eclipse P200A Performance,400,205,365
Mechanic Master,C34 pro,429,205,349
Fractal Design,Meshify 2 Mini,384,205,390
Gamemax,M60,389,193,410
Deepcool,CH260,438,225,312.5
Phanteks,Evolv Shift X,274,170,663
Silverstone,GD11,399,440,176
Silverstone,ALTA G1M,307,200,507
Fractal Design,Define 7 Mini,390,205,390
Shiny Snake,G500,403,219,355
Jonsbo,D31,440,205,347.5
Jonsbo,TK-1,310,299,345
Deepcool,CH270 DIGITAL,296,225,486
Silverstone,FT03,284,235,487
Thermaltake,The Tower 100 Mini,266,266,462.8
Asus,Prime AP201,460,205,350
Fractal Design,Meshify C Mini,395,212,399
Cooler Master,QUBE 500,380,231,381
Gamemax,Spark Pro,413,204,398
Gamemax,MeshBox,413,204,398
Cooler Master,MasterBox Q500L,386,230,381
Phanteks,Enthoo Evolv ITX,395,230,375
Phanteks,Enthoo Evolv ITX TG,395,230,375
Jonsbo,U4 Pro,395,205,426
Fractal Design,Torrent Nano,417,222,374
InWin,A5,399,215,407
Yeston,Cute Pet,381,326,285
Asus,ROG Huracan G21,372,129,366
Corsair,ONE,200,172.5,380
Dell,Inspiron Compact,293,154,324.3
Dell,OptiPlex Micro Form Factor,183,36,178.5
Dell,OptiPlex Small Form Factor,290,92.6,292.8
Gigabyte,AORUS Model S,190,189,400
HP,Pavilion Gaming,307,155.4,337.4
Intel,NUC 9 Extreme Ghost Canyon,238,216,96
Intel,NUC 11 Phantom Canyon,142,42,221
Intel,NUC 11 Extreme Beast Canyon,357,120,189
Intel,NUC 12 Enthusiast Serpent Canyon,230,180,60
Intel,NUC 12 Extreme Dragon Canyon,357,120,189
Intel,NUC 13 Extreme Raptor Canyon,337,129,318
Microsoft,Xbox,260,320,100
Microsoft,Xbox 360,269,310,79
Microsoft,Xbox 360 S,260,270,78
Microsoft,Xbox 360 E,254,264,67
Microsoft,Xbox One,274,333,79
Microsoft,Xbox One S,230,295,64
Microsoft,Xbox One X,240,300,60
Microsoft,Xbox Series S,274,151,64
Microsoft,Xbox Series X,151,151,301
MSI,MAG Infinite S,348,128,244
MSI,MPG Trident 3,232.57,83.31,346.25
MSI,MPG Trident A,382.73,129.74,396.93
MSI,Nightblade MIB,342,128,235
MSI,Nightblade MI3,342,128,268
Seeed,Odyssey X86J4125800,130,120,55
Sony,PlayStation,188,270,60
Sony,PS One,144,193,38
Sony,PlayStation 2,183,302,79
Sony,PlayStation 2 Slim,152,230,28
Sony,PlayStation 3,274,325,98
Sony,PlayStation 3 Slim,290,290,65
Sony,PlayStation 3 Super Slim,230,290,60
Sony,PlayStation 4,305,275,53
Sony,PlayStation 4 Slim,288,265,39
Sony,PlayStation 4 Pro,327,295,55
Sony,PlayStation 5,260,104,390
Sony,PlayStation 5 Digital Edition,260,92,390
Sony,PlayStation 5 Slim,216,96,358
Sony,PlayStation 5 Slim Digital Edition,216,80,358
Sony,PlayStation 5 Pro,216,89,388
ZOTAC,Magnus One,265.5,126,249
ZOTAC,MEK MINI,260.8,136,258.8
Cooler Master,NR200,376,185,292
Fractal Design,Meshify C,413,217,453
NZXT,H500,428,210,435
Hyperium,Tiny Boy,188,107,184
Corsair,280X,398,276,351
Sliger,X410,345,186,255
SpyLabs,JOAT 14.9 (with protrusions),340,194,262
SpyLabs,JOAT 14.9 (without protrusions),325,185,247
Cooler Master,MasterBox Q300L,387,230,381
Apple,Mac Mini (2020),197,197,36
Thermaltake,Versa H18,380,205,390
InWin,IW-MS04,275,210,230
Custom_Mod,SLM4 lm 7.5L,383,80,343
Lian Li,O11 Air Mini,400,280,384